0,spotify:track:4rzCpaL52log4xdBHC8Lbe
1,spotify:track:6TNb7tzzc0PGYjZqzHy38F
2,spotify:track:3uIhFhCHScK8Oz8t42Vqzs
3,spotify:track:5C8ZHJ4kZsP8wWkS0YZnRd
4,spotify:track:2APEXqUrcH8e1sdTTqdagK
5,spotify:track:1M7rfgsDMYBcIgDadh7KjV
6,spotify:track:08Lh5KY0S13viFg6mJHw1P
7,spotify:track:2ThGPOU8zZzG3oezXIkmxQ
8,spotify:track:3m6M29RwP7kNbPBnmtKaVu
9,spotify:track:2I0QIHDT8rlkjBANQ2ThPE
10,spotify:track:5fNogj9AIuwo0k5VSVe56V
11,spotify:track:7bB4rlqK2iZocP7cCyzSI3
12,spotify:track:3HZ2ADE7sw4ijRibtf2OFl
13,spotify:track:0LzCfMUj8dRikwu7Oq57Ks
14,spotify:track:34CI6QD605AIllS6shOnhG
15,spotify:track:4gDgme7PjFgV34ttfG3YG0
16,spotify:track:56f0n7ymIsHlNZiAK0FsJW
17,spotify:track:05Bc4UTLJ8tyT5elxFnBdu
18,spotify:track:6ND6MF5IvlAdXxIOINibbT
19,spotify:track:4fRxnTa2WrbeLUdz1KiNuB